feature,importance
EXT_SOURCE_3,1.0501169
EXT_SOURCE_2,0.86745274
DAYS_ID_PUBLISH,0.46976304
PAYMENT_RATE,0.4494816
AMT_GOODS_PRICE,0.4262294
EXT_SOURCE_1,0.40855297
DAYS_REGISTRATION,0.38895693
DAYS_EMPLOYED_PERC,0.35732275
AMT_ANNUITY,0.3480955
DAYS_BIRTH,0.34271774
DAYS_LAST_PHONE_CHANGE,0.34146345
REGION_POPULATION_RELATIVE,0.33835885
DAYS_EMPLOYED,0.30522785
ANNUITY_INCOME_PERC,0.28792316
INCOME_PER_PERSON,0.24940713
INCOME_CREDIT_PERC,0.2346718
AMT_CREDIT,0.23367383
HOUR_APPR_PROCESS_START,0.21447666
NAME_EDUCATION_TYPE_Higher_education,0.20466925
OWN_CAR_AGE,0.20456278
CODE_GENDER,0.1823021
AMT_INCOME_TOTAL,0.17340338
AMT_REQ_CREDIT_BUREAU_YEAR,0.17012224
LIVINGAREA_MODE,0.15539289
APARTMENTS_AVG,0.14391652
DEF_30_CNT_SOCIAL_CIRCLE,0.12979928
OBS_60_CNT_SOCIAL_CIRCLE,0.12572365
REGION_RATING_CLIENT_W_CITY,0.11976409
OBS_30_CNT_SOCIAL_CIRCLE,0.111664005
WEEKDAY_APPR_PROCESS_START_TUESDAY,0.0976752
LANDAREA_MODE,0.092116475
TOTALAREA_MODE,0.09100099
OCCUPATION_TYPE_Laborers,0.08781769
LANDAREA_AVG,0.083038665
YEARS_BEGINEXPLUATATION_AVG,0.08272095
YEARS_BEGINEXPLUATATION_MODE,0.08258875
APARTMENTS_MODE,0.07809343
CNT_CHILDREN,0.077050224
NAME_HOUSING_TYPE_House___apartment,0.07610654
ORGANIZATION_TYPE_Self_employed,0.07327805
BASEMENTAREA_MODE,0.07062345
LIVINGAREA_MEDI,0.0695156
WEEKDAY_APPR_PROCESS_START_FRIDAY,0.06884078
LIVINGAREA_AVG,0.067316264
NAME_EDUCATION_TYPE_Secondary___secondary_special,0.06437659
NAME_INCOME_TYPE_Commercial_associate,0.06419768
FLOORSMIN_AVG,0.06275996
REG_CITY_NOT_WORK_CITY,0.0619344
NAME_FAMILY_STATUS_Married,0.06025475
YEARS_BEGINEXPLUATATION_MEDI,0.06015249
ORGANIZATION_TYPE_Other,0.05994654
AMT_REQ_CREDIT_BUREAU_QRT,0.059592735
FLAG_PHONE,0.058708765
WALLSMATERIAL_MODE_Panel,0.05450293
APARTMENTS_MEDI,0.054135457
COMMONAREA_MODE,0.05409557
NAME_CONTRACT_TYPE_Cash_loans,0.053650588
LIVE_CITY_NOT_WORK_CITY,0.0533198
BASEMENTAREA_AVG,0.052477434
WEEKDAY_APPR_PROCESS_START_THURSDAY,0.050698668
NONLIVINGAREA_MODE,0.050480135
CNT_FAM_MEMBERS,0.04861272
OCCUPATION_TYPE_Core_staff,0.04797526
YEARS_BUILD_MODE,0.047551047
AMT_REQ_CREDIT_BUREAU_MON,0.047189735
NAME_TYPE_SUITE_Unaccompanied,0.045705482
NONLIVINGAREA_AVG,0.04287714
FLAG_WORK_PHONE,0.04284615
ENTRANCES_AVG,0.04235344
WEEKDAY_APPR_PROCESS_START_WEDNESDAY,0.04105672
ENTRANCES_MODE,0.040784433
COMMONAREA_MEDI,0.040401302
COMMONAREA_AVG,0.040079627
WEEKDAY_APPR_PROCESS_START_MONDAY,0.0394171
LANDAREA_MEDI,0.038363244
WEEKDAY_APPR_PROCESS_START_SATURDAY,0.03825931
LIVE_REGION_NOT_WORK_REGION,0.037957698
FLAG_OWN_REALTY,0.036886822
BASEMENTAREA_MEDI,0.03588883
LIVINGAPARTMENTS_MODE,0.03579601
NAME_FAMILY_STATUS_Separated,0.03510964
NAME_INCOME_TYPE_Working,0.034188524
NAME_TYPE_SUITE_Family,0.03219841
ORGANIZATION_TYPE_Business_Entity_Type_3,0.030860303
DEF_60_CNT_SOCIAL_CIRCLE,0.02983066
OCCUPATION_TYPE_Managers,0.029736472
LIVINGAPARTMENTS_AVG,0.02956977
FLAG_DOCUMENT_3,0.028309112
YEARS_BUILD_AVG,0.028159354
ORGANIZATION_TYPE_Business_Entity_Type_2,0.028057974
INSTAL_DAYS_ENTRY_PAYMENT_SUM,0.02794869
NONLIVINGAREA_MEDI,0.026821658
YEARS_BUILD_MEDI,0.025766974
NONLIVINGAPARTMENTS_AVG,0.025727883
ELEVATORS_AVG,0.023856165
FLAG_DOCUMENT_6,0.02319663
FLOORSMIN_MEDI,0.022743713
AMT_REQ_CREDIT_BUREAU_DAY,0.021979468
ENTRANCES_MEDI,0.02136568
LIVINGAPARTMENTS_MEDI,0.020310482
REGION_RATING_CLIENT,0.019748844
FLOORSMAX_AVG,0.019720789
REG_CITY_NOT_LIVE_CITY,0.018337851
NAME_FAMILY_STATUS_Single___not_married,0.017904075
NAME_FAMILY_STATUS_Civil_marriage,0.017818496
NAME_HOUSING_TYPE_Municipal_apartment,0.017765015
INSTAL_DBD_MEAN,0.017711533
NAME_TYPE_SUITE_Spouse__partner,0.017415304
ORGANIZATION_TYPE_Government,0.017401531
INSTAL_AMT_INSTALMENT_SUM,0.017108504
OCCUPATION_TYPE_Sales_staff,0.017055795
INSTAL_AMT_INSTALMENT_MEAN,0.015124995
NAME_CONTRACT_TYPE_Revolving_loans,0.0149510745
ELEVATORS_MODE,0.014135241
INSTAL_AMT_PAYMENT_MIN,0.013789862
OCCUPATION_TYPE_Drivers,0.012508565
ORGANIZATION_TYPE_Kindergarten,0.011692658
INSTAL_DAYS_ENTRY_PAYMENT_MAX,0.011471662
NAME_FAMILY_STATUS_Widow,0.011218707
INSTAL_DAYS_ENTRY_PAYMENT_MEAN,0.010341352
INSTAL_AMT_PAYMENT_SUM,0.009635983
FLOORSMIN_MODE,0.009618315
CC_AMT_BALANCE_MAX,0.009465806
AMT_REQ_CREDIT_BUREAU_WEEK,0.009393708
FLOORSMAX_MODE,0.009365109
POS_MONTHS_BALANCE_MEAN,0.009271761
FLAG_EMAIL,0.009210095
FONDKAPREMONT_MODE_reg_oper_account,0.008950628
WEEKDAY_APPR_PROCESS_START_SUNDAY,0.008649661
POS_MONTHS_BALANCE_MAX,0.008557866
FLOORSMAX_MEDI,0.0077563087
ORGANIZATION_TYPE_Industry__type_3,0.0075923637
AMT_REQ_CREDIT_BUREAU_HOUR,0.0073147714
INSTAL_AMT_INSTALMENT_MAX,0.007314502
ORGANIZATION_TYPE_Trade__type_7,0.0072911894
NONLIVINGAPARTMENTS_MODE,0.0070515536
INSTAL_DBD_MAX,0.006759121
WALLSMATERIAL_MODE_Stone__brick,0.006754397
ORGANIZATION_TYPE_Business_Entity_Type_1,0.0066652694
ELEVATORS_MEDI,0.0065490874
FLAG_DOCUMENT_8,0.0065441504
NAME_TYPE_SUITE_Children,0.0061145336
FLAG_OWN_CAR,0.0058940873
ORGANIZATION_TYPE_Industry__type_7,0.0058516706
EMERGENCYSTATE_MODE_No,0.0057912683
INSTAL_AMT_PAYMENT_MAX,0.0057344967
PREV_DAYS_DECISION_MIN,0.00517378
CC_AMT_INST_MIN_REGULARITY_SUM,0.0051676296
NONLIVINGAPARTMENTS_MEDI,0.005153676
ORGANIZATION_TYPE_Military,0.005135436
INSTAL_AMT_PAYMENT_MEAN,0.005074996
NAME_HOUSING_TYPE_With_parents,0.0049990397
INSTAL_DBD_SUM,0.0046982137
ORGANIZATION_TYPE_Restaurant,0.004490594
PREV_PRODUCT_COMBINATION_POS_household_with_interest_MEAN,0.0044665155
NAME_INCOME_TYPE_State_servant,0.00433984
ORGANIZATION_TYPE_Housing,0.004214645
OCCUPATION_TYPE_Low_skill_Laborers,0.00420266
NAME_EDUCATION_TYPE_Incomplete_higher,0.00403098
OCCUPATION_TYPE_Medicine_staff,0.0039131884
HOUSETYPE_MODE_block_of_flats,0.0037689323
ORGANIZATION_TYPE_School,0.0034964688
REG_REGION_NOT_WORK_REGION,0.0034724225
PREV_DAYS_DECISION_MAX,0.0034637882
OCCUPATION_TYPE_High_skill_tech_staff,0.0034168602
APPROVED_AMT_CREDIT_MIN,0.0033542768
ORGANIZATION_TYPE_Hotel,0.003147285
ORGANIZATION_TYPE_Postal,0.002942494
ORGANIZATION_TYPE_Medicine,0.0029183386
PREV_WEEKDAY_APPR_PROCESS_START_SUNDAY_MEAN,0.0028985112
OCCUPATION_TYPE_Security_staff,0.0028927193
BURO_DAYS_CREDIT_MIN,0.0028388929
ORGANIZATION_TYPE_Industry__type_12,0.002793571
PREV_PRODUCT_COMBINATION_POS_mobile_with_interest_MEAN,0.0027641666
WALLSMATERIAL_MODE_Block,0.0026954657
ORGANIZATION_TYPE_Trade__type_2,0.0025540537
ORGANIZATION_TYPE_Construction,0.0025472138
INSTAL_DPD_MAX,0.0024214608
OCCUPATION_TYPE_Cooking_staff,0.0024122542
CC_AMT_INST_MIN_REGULARITY_MAX,0.0024041156
CC_AMT_INST_MIN_REGULARITY_MEAN,0.002371788
CC_AMT_BALANCE_MIN,0.0023486388
FLAG_DOCUMENT_5,0.0023272478
INSTAL_DPD_MEAN,0.0022750376
CC_AMT_RECEIVABLE_PRINCIPAL_MAX,0.0022690077
INSTAL_NUM_INSTALMENT_VERSION_NUNIQUE,0.0021894227
ORGANIZATION_TYPE_Agriculture,0.0021451847
NAME_HOUSING_TYPE_Rented_apartment,0.002121566
HOUSETYPE_MODE_specific_housing,0.002105782
INSTAL_DPD_SUM,0.0020449988
APPROVED_AMT_CREDIT_MAX,0.001959047
APPROVED_AMT_ANNUITY_MIN,0.001917581
ORGANIZATION_TYPE_Industry__type_11,0.0018978439
OCCUPATION_TYPE_Accountants,0.0018584516
NAME_EDUCATION_TYPE_Lower_secondary,0.0018266231
CC_AMT_INST_MIN_REGULARITY_MIN,0.0017719287
ORGANIZATION_TYPE_Industry__type_1,0.001715272
PREV_AMT_ANNUITY_MIN,0.0017070714
FLAG_EMP_PHONE,0.0016665065
PREV_AMT_GOODS_PRICE_MIN,0.0016407826
CC_AMT_PAYMENT_TOTAL_CURRENT_MIN,0.0016377756
CC_AMT_PAYMENT_TOTAL_CURRENT_SUM,0.0016213894
CC_AMT_CREDIT_LIMIT_ACTUAL_MAX,0.0016070909
BURO_DAYS_CREDIT_MAX,0.0016057653
APPROVED_AMT_APPLICATION_MIN,0.0015887198
REG_REGION_NOT_LIVE_REGION,0.0015097504
PREV_AMT_ANNUITY_MAX,0.0015055044
INSTAL_PAYMENT_PERC_MAX,0.0014728522
ORGANIZATION_TYPE_Bank,0.00140809
PREV_NAME_GOODS_CATEGORY_Other_MEAN,0.0013502587
APPROVED_DAYS_DECISION_MIN,0.0013386263
ORGANIZATION_TYPE_Transport__type_4,0.0013294395
ORGANIZATION_TYPE_Security,0.0013264096
CC_CNT_INSTALMENT_MATURE_CUM_MAX,0.0013085696
APPROVED_DAYS_DECISION_MAX,0.0012981637
FONDKAPREMONT_MODE_reg_oper_spec_account,0.0012854092
CC_AMT_BALANCE_SUM,0.0012844467
PREV_NAME_PAYMENT_TYPE_Cash_through_the_bank_MEAN,0.0011695613
PREV_AMT_APPLICATION_MIN,0.0011527956
INSTAL_PAYMENT_DIFF_MAX,0.0011223772
CC_AMT_PAYMENT_TOTAL_CURRENT_MEAN,0.0011140124
CC_MONTHS_BALANCE_MIN,0.0010833035
OCCUPATION_TYPE_Cleaning_staff,0.0010759814
CC_AMT_PAYMENT_CURRENT_SUM,0.00106619
PREV_APP_CREDIT_PERC_MIN,0.0010481887
OCCUPATION_TYPE_Private_service_staff,0.0010320549
CC_AMT_PAYMENT_CURRENT_MEAN,0.0010236063
PREV_CNT_PAYMENT_MEAN,0.0010138031
CC_AMT_RECEIVABLE_PRINCIPAL_MIN,0.0009936204
PREV_AMT_APPLICATION_MAX,0.0009892149
PREV_NAME_GOODS_CATEGORY_Computers_MEAN,0.0009824802
CC_AMT_PAYMENT_CURRENT_MIN,0.0009633011
ORGANIZATION_TYPE_Trade__type_3,0.0009335825
APPROVED_CNT_PAYMENT_MEAN,0.0009273195
INSTAL_PAYMENT_PERC_SUM,0.0009134724
APPROVED_AMT_GOODS_PRICE_MIN,0.00090371206
CC_AMT_DRAWINGS_POS_CURRENT_MIN,0.0008869934
CC_MONTHS_BALANCE_MAX,0.00087723543
CC_CNT_INSTALMENT_MATURE_CUM_MIN,0.00087450026
NAME_INCOME_TYPE_Pensioner,0.00084194686
WALLSMATERIAL_MODE_Others,0.00079959125
APPROVED_AMT_APPLICATION_MAX,0.0007950325
FLAG_DOCUMENT_18,0.0007770652
PREV_HOUR_APPR_PROCESS_START_MEAN,0.00076633407
PREV_DAYS_DECISION_MEAN,0.00075401884
PREV_WEEKDAY_APPR_PROCESS_START_MONDAY_MEAN,0.0007522328
PREV_PRODUCT_COMBINATION_POS_industry_with_interest_MEAN,0.00071217015
PREV_AMT_APPLICATION_MEAN,0.0006852599
OCCUPATION_TYPE_Waiters_barmen_staff,0.0006697883
PREV_AMT_CREDIT_MAX,0.00065852416
PREV_NAME_PORTFOLIO_POS_MEAN,0.0006540539
INSTAL_PAYMENT_PERC_MEAN,0.00064931536
PREV_HOUR_APPR_PROCESS_START_MIN,0.00063345773
FLAG_DOCUMENT_16,0.00060907425
APPROVED_APP_CREDIT_PERC_MIN,0.00057398307
NAME_HOUSING_TYPE_Office_apartment,0.00054782943
APPROVED_HOUR_APPR_PROCESS_START_MIN,0.0005408198
CC_CNT_DRAWINGS_ATM_CURRENT_MIN,0.0004671578
PREV_CHANNEL_TYPE_Regional___Local_MEAN,0.00046479597
FLAG_DOCUMENT_19,0.00045737266
CC_AMT_DRAWINGS_CURRENT_MAX,0.00044263806
FLAG_DOCUMENT_13,0.00040793887
CC_AMT_CREDIT_LIMIT_ACTUAL_MIN,0.00039349688
NAME_HOUSING_TYPE_Co_op_apartment,0.00038894173
PREV_WEEKDAY_APPR_PROCESS_START_WEDNESDAY_MEAN,0.00036824573
INSTAL_PAYMENT_PERC_VAR,0.00036301903
NAME_TYPE_SUITE_Other_B,0.00035241523
ORGANIZATION_TYPE_Services,0.00034853432
PREV_CODE_REJECT_REASON_HC_MEAN,0.00034464875
PREV_NAME_CONTRACT_STATUS_Approved_MEAN,0.00034164687
CC_AMT_DRAWINGS_OTHER_CURRENT_MIN,0.00030698458
PREV_NAME_PORTFOLIO_XNA_MEAN,0.00030605198
ORGANIZATION_TYPE_Transport__type_2,0.0003002028
POS_NAME_CONTRACT_STATUS_Active_MEAN,0.00029609038
PREV_NAME_GOODS_CATEGORY_Consumer_Electronics_MEAN,0.0002893429
PREV_NAME_CONTRACT_TYPE_Consumer_loans_MEAN,0.00028658856
CC_AMT_DRAWINGS_CURRENT_MIN,0.00028418945
ORGANIZATION_TYPE_Culture,0.00028315737
CC_AMT_PAYMENT_CURRENT_MAX,0.00027381748
PREV_AMT_GOODS_PRICE_MAX,0.00026599204
ORGANIZATION_TYPE_Advertising,0.00025439102
PREV_NAME_YIELD_GROUP_low_normal_MEAN,0.00024551438
WALLSMATERIAL_MODE_Wooden,0.00023959027
ORGANIZATION_TYPE_Transport__type_3,0.00023365603
PREV_WEEKDAY_APPR_PROCESS_START_THURSDAY_MEAN,0.00022473301
ORGANIZATION_TYPE_Industry__type_6,0.0001996531
ORGANIZATION_TYPE_Industry__type_2,0.00019065037
CC_AMT_RECEIVABLE_PRINCIPAL_SUM,0.0001902689
FONDKAPREMONT_MODE_not_specified,0.00018113914
PREV_NAME_TYPE_SUITE_Spouse__partner_MEAN,0.00017861323
FLAG_DOCUMENT_14,0.00017453256
REFUSED_HOUR_APPR_PROCESS_START_MIN,0.00016645764
ORGANIZATION_TYPE_Trade__type_1,0.0001581946
PREV_AMT_CREDIT_MIN,0.00015339826
PREV_NAME_SELLER_INDUSTRY_Consumer_electronics_MEAN,0.00015263598
ORGANIZATION_TYPE_Security_Ministries,0.00013259341
CC_AMT_DRAWINGS_ATM_CURRENT_MIN,0.00013063257
ORGANIZATION_TYPE_Industry__type_4,0.00012880999
PREV_AMT_DOWN_PAYMENT_MIN,0.00012776877
ORGANIZATION_TYPE_Police,0.00012456297
FONDKAPREMONT_MODE_org_spec_account,0.00011457251
ORGANIZATION_TYPE_Legal_Services,0.000110553694
PREV_NAME_YIELD_GROUP_high_MEAN,0.00010842535
CC_AMT_PAYMENT_TOTAL_CURRENT_MAX,0.000105351006
FLAG_DOCUMENT_9,0.00010096946
PREV_NAME_SELLER_INDUSTRY_Connectivity_MEAN,9.7774806e-05
ORGANIZATION_TYPE_Realtor,9.765579e-05
ORGANIZATION_TYPE_Electricity,9.28515e-05
PREV_CHANNEL_TYPE_Stone_MEAN,8.0714206e-05
PREV_NAME_TYPE_SUITE_Family_MEAN,6.393836e-05
APPROVED_AMT_CREDIT_MEAN,4.4874152e-05
PREV_APP_CREDIT_PERC_MAX,3.6415917e-05
POS_NAME_CONTRACT_STATUS_Demand_MEAN,0.0
POS_SK_DPD_MEAN,0.0
POS_SK_DPD_DEF_MAX,0.0
POS_NAME_CONTRACT_STATUS_Completed_MEAN,0.0
POS_SK_DPD_DEF_MEAN,0.0
POS_SK_DPD_MAX,0.0
POS_NAME_CONTRACT_STATUS_Returned_to_the_store_MEAN,0.0
ORGANIZATION_TYPE_Trade__type_5,0.0
POS_NAME_CONTRACT_STATUS_Signed_MEAN,0.0
POS_NAME_CONTRACT_STATUS_Approved_MEAN,0.0
POS_MONTHS_BALANCE_SIZE,0.0
BURO_CREDIT_CURRENCY_currency_2_MEAN,0.0
POS_NAME_CONTRACT_STATUS_nan_MEAN,0.0
INSTAL_PAYMENT_DIFF_VAR,0.0
CC_MONTHS_BALANCE_SUM,0.0
CC_MONTHS_BALANCE_MEAN,0.0
OCCUPATION_TYPE_Secretaries,0.0
INSTAL_COUNT,0.0
ORGANIZATION_TYPE_Cleaning,0.0
ORGANIZATION_TYPE_Emergency,0.0
ORGANIZATION_TYPE_Industry__type_10,0.0
ORGANIZATION_TYPE_Industry__type_13,0.0
ORGANIZATION_TYPE_Industry__type_5,0.0
INSTAL_PAYMENT_DIFF_SUM,0.0
POS_COUNT,0.0
INSTAL_PAYMENT_DIFF_MEAN,0.0
ORGANIZATION_TYPE_Industry__type_8,0.0
ORGANIZATION_TYPE_Industry__type_9,0.0
ORGANIZATION_TYPE_Insurance,0.0
ORGANIZATION_TYPE_Transport__type_1,0.0
ORGANIZATION_TYPE_Mobile,0.0
ORGANIZATION_TYPE_Religion,0.0
ORGANIZATION_TYPE_Telecom,0.0
ORGANIZATION_TYPE_Trade__type_4,0.0
ORGANIZATION_TYPE_Trade__type_6,0.0
REFUSED_RATE_DOWN_PAYMENT_MEAN,0.0
REFUSED_CNT_PAYMENT_SUM,0.0
APPROVED_APP_CREDIT_PERC_MEAN,0.0
ORGANIZATION_TYPE_XNA,0.0
APPROVED_RATE_DOWN_PAYMENT_MEAN,0.0
APPROVED_RATE_DOWN_PAYMENT_MAX,0.0
APPROVED_RATE_DOWN_PAYMENT_MIN,0.0
APPROVED_HOUR_APPR_PROCESS_START_MEAN,0.0
APPROVED_HOUR_APPR_PROCESS_START_MAX,0.0
APPROVED_AMT_GOODS_PRICE_MEAN,0.0
APPROVED_AMT_GOODS_PRICE_MAX,0.0
APPROVED_AMT_DOWN_PAYMENT_MEAN,0.0
APPROVED_AMT_DOWN_PAYMENT_MAX,0.0
APPROVED_AMT_DOWN_PAYMENT_MIN,0.0
APPROVED_APP_CREDIT_PERC_VAR,0.0
APPROVED_APP_CREDIT_PERC_MAX,0.0
APPROVED_DAYS_DECISION_MEAN,0.0
HOUSETYPE_MODE_terraced_house,0.0
WALLSMATERIAL_MODE_Mixed,0.0
WALLSMATERIAL_MODE_Monolithic,0.0
APPROVED_AMT_APPLICATION_MEAN,0.0
EMERGENCYSTATE_MODE_Yes,0.0
APPROVED_AMT_ANNUITY_MEAN,0.0
APPROVED_AMT_ANNUITY_MAX,0.0
BURO_DAYS_CREDIT_MEAN,0.0
PREV_PRODUCT_COMBINATION_nan_MEAN,0.0
PREV_PRODUCT_COMBINATION_POS_others_without_interest_MEAN,0.0
PREV_PRODUCT_COMBINATION_POS_other_with_interest_MEAN,0.0
PREV_PRODUCT_COMBINATION_POS_mobile_without_interest_MEAN,0.0
ORGANIZATION_TYPE_University,0.0
APPROVED_CNT_PAYMENT_SUM,0.0
REFUSED_CNT_PAYMENT_MEAN,0.0
REFUSED_AMT_DOWN_PAYMENT_MAX,0.0
REFUSED_DAYS_DECISION_MEAN,0.0
REFUSED_DAYS_DECISION_MAX,0.0
REFUSED_DAYS_DECISION_MIN,0.0
OCCUPATION_TYPE_Realty_agents,0.0
REFUSED_RATE_DOWN_PAYMENT_MAX,0.0
REFUSED_RATE_DOWN_PAYMENT_MIN,0.0
REFUSED_HOUR_APPR_PROCESS_START_MEAN,0.0
REFUSED_HOUR_APPR_PROCESS_START_MAX,0.0
REFUSED_AMT_GOODS_PRICE_MEAN,0.0
REFUSED_AMT_GOODS_PRICE_MAX,0.0
REFUSED_AMT_GOODS_PRICE_MIN,0.0
REFUSED_AMT_DOWN_PAYMENT_MEAN,0.0
REFUSED_AMT_DOWN_PAYMENT_MIN,0.0
REFUSED_AMT_ANNUITY_MIN,0.0
REFUSED_APP_CREDIT_PERC_VAR,0.0
REFUSED_APP_CREDIT_PERC_MEAN,0.0
REFUSED_APP_CREDIT_PERC_MAX,0.0
REFUSED_APP_CREDIT_PERC_MIN,0.0
REFUSED_AMT_CREDIT_MEAN,0.0
REFUSED_AMT_CREDIT_MAX,0.0
REFUSED_AMT_CREDIT_MIN,0.0
REFUSED_AMT_APPLICATION_MEAN,0.0
REFUSED_AMT_APPLICATION_MAX,0.0
REFUSED_AMT_APPLICATION_MIN,0.0
REFUSED_AMT_ANNUITY_MEAN,0.0
REFUSED_AMT_ANNUITY_MAX,0.0
CC_MONTHS_BALANCE_VAR,0.0
NAME_INCOME_TYPE_Unemployed,0.0
OCCUPATION_TYPE_IT_staff,0.0
CC_CNT_INSTALMENT_MATURE_CUM_MEAN,0.0
CC_SK_DPD_DEF_VAR,0.0
CC_SK_DPD_DEF_SUM,0.0
CC_SK_DPD_DEF_MEAN,0.0
CC_SK_DPD_DEF_MAX,0.0
CC_SK_DPD_DEF_MIN,0.0
CC_SK_DPD_VAR,0.0
CC_SK_DPD_SUM,0.0
CC_SK_DPD_MEAN,0.0
CC_SK_DPD_MAX,0.0
CC_SK_DPD_MIN,0.0
CC_CNT_INSTALMENT_MATURE_CUM_VAR,0.0
CC_CNT_INSTALMENT_MATURE_CUM_SUM,0.0
FLAG_MOBIL,0.0
CC_NAME_CONTRACT_STATUS_Active_MAX,0.0
FLAG_CONT_MOBILE,0.0
CC_CNT_DRAWINGS_POS_CURRENT_VAR,0.0
CC_CNT_DRAWINGS_POS_CURRENT_SUM,0.0
CC_CNT_DRAWINGS_POS_CURRENT_MEAN,0.0
CC_CNT_DRAWINGS_POS_CURRENT_MAX,0.0
CC_CNT_DRAWINGS_POS_CURRENT_MIN,0.0
CC_CNT_DRAWINGS_OTHER_CURRENT_VAR,0.0
CC_CNT_DRAWINGS_OTHER_CURRENT_SUM,0.0
CC_CNT_DRAWINGS_OTHER_CURRENT_MEAN,0.0
CC_CNT_DRAWINGS_OTHER_CURRENT_MAX,0.0
CC_CNT_DRAWINGS_OTHER_CURRENT_MIN,0.0
CC_CNT_DRAWINGS_CURRENT_VAR,0.0
CC_NAME_CONTRACT_STATUS_Active_MIN,0.0
CC_NAME_CONTRACT_STATUS_Active_MEAN,0.0
CC_AMT_BALANCE_MEAN,0.0
CC_NAME_CONTRACT_STATUS_Sent_proposal_MEAN,0.0
CC_NAME_CONTRACT_STATUS_nan_VAR,0.0
CC_NAME_CONTRACT_STATUS_nan_SUM,0.0
CC_NAME_CONTRACT_STATUS_nan_MEAN,0.0
CC_NAME_CONTRACT_STATUS_nan_MAX,0.0
CC_NAME_CONTRACT_STATUS_nan_MIN,0.0
CC_NAME_CONTRACT_STATUS_Signed_VAR,0.0
CC_NAME_CONTRACT_STATUS_Signed_SUM,0.0
CC_NAME_CONTRACT_STATUS_Signed_MEAN,0.0
CC_NAME_CONTRACT_STATUS_Signed_MAX,0.0
CC_NAME_CONTRACT_STATUS_Signed_MIN,0.0
CC_NAME_CONTRACT_STATUS_Sent_proposal_VAR,0.0
CC_NAME_CONTRACT_STATUS_Sent_proposal_SUM,0.0
CC_NAME_CONTRACT_STATUS_Sent_proposal_MAX,0.0
CC_NAME_CONTRACT_STATUS_Active_SUM,0.0
CC_NAME_CONTRACT_STATUS_Sent_proposal_MIN,0.0
CC_NAME_CONTRACT_STATUS_Demand_VAR,0.0
CC_NAME_CONTRACT_STATUS_Demand_SUM,0.0
CC_NAME_CONTRACT_STATUS_Demand_MEAN,0.0
CC_NAME_CONTRACT_STATUS_Demand_MAX,0.0
CC_NAME_CONTRACT_STATUS_Demand_MIN,0.0
CC_NAME_CONTRACT_STATUS_Completed_VAR,0.0
CC_NAME_CONTRACT_STATUS_Completed_SUM,0.0
CC_NAME_CONTRACT_STATUS_Completed_MEAN,0.0
CC_NAME_CONTRACT_STATUS_Completed_MAX,0.0
CC_NAME_CONTRACT_STATUS_Completed_MIN,0.0
CC_NAME_CONTRACT_STATUS_Active_VAR,0.0
CC_CNT_DRAWINGS_CURRENT_SUM,0.0
CC_CNT_DRAWINGS_CURRENT_MEAN,0.0
CC_CNT_DRAWINGS_CURRENT_MAX,0.0
CC_AMT_DRAWINGS_CURRENT_SUM,0.0
NAME_TYPE_SUITE_Group_of_people,0.0
CC_AMT_DRAWINGS_POS_CURRENT_VAR,0.0
CC_AMT_DRAWINGS_POS_CURRENT_SUM,0.0
CC_AMT_DRAWINGS_POS_CURRENT_MEAN,0.0
CC_AMT_DRAWINGS_POS_CURRENT_MAX,0.0
NAME_TYPE_SUITE_Other_A,0.0
CC_AMT_DRAWINGS_OTHER_CURRENT_VAR,0.0
CC_AMT_DRAWINGS_OTHER_CURRENT_SUM,0.0
CC_AMT_DRAWINGS_OTHER_CURRENT_MEAN,0.0
CC_AMT_DRAWINGS_OTHER_CURRENT_MAX,0.0
NAME_INCOME_TYPE_Businessman,0.0
CC_AMT_DRAWINGS_CURRENT_VAR,0.0
CC_AMT_DRAWINGS_CURRENT_MEAN,0.0
CC_CNT_DRAWINGS_CURRENT_MIN,0.0
NAME_INCOME_TYPE_Student,0.0
CC_AMT_DRAWINGS_ATM_CURRENT_VAR,0.0
CC_AMT_DRAWINGS_ATM_CURRENT_SUM,0.0
CC_AMT_DRAWINGS_ATM_CURRENT_MEAN,0.0
CC_AMT_DRAWINGS_ATM_CURRENT_MAX,0.0
CC_AMT_CREDIT_LIMIT_ACTUAL_VAR,0.0
CC_AMT_CREDIT_LIMIT_ACTUAL_SUM,0.0
CC_AMT_CREDIT_LIMIT_ACTUAL_MEAN,0.0
PREV_PRODUCT_COMBINATION_POS_industry_without_interest_MEAN,0.0
NAME_EDUCATION_TYPE_Academic_degree,0.0
CC_AMT_BALANCE_VAR,0.0
OCCUPATION_TYPE_HR_staff,0.0
FLAG_DOCUMENT_21,0.0
FLAG_DOCUMENT_20,0.0
FLAG_DOCUMENT_17,0.0
CC_AMT_INST_MIN_REGULARITY_VAR,0.0
CC_CNT_DRAWINGS_ATM_CURRENT_VAR,0.0
CC_CNT_DRAWINGS_ATM_CURRENT_SUM,0.0
CC_CNT_DRAWINGS_ATM_CURRENT_MEAN,0.0
CC_CNT_DRAWINGS_ATM_CURRENT_MAX,0.0
FLAG_DOCUMENT_2,0.0
CC_AMT_TOTAL_RECEIVABLE_VAR,0.0
CC_AMT_TOTAL_RECEIVABLE_SUM,0.0
CC_AMT_TOTAL_RECEIVABLE_MEAN,0.0
CC_AMT_TOTAL_RECEIVABLE_MAX,0.0
CC_AMT_TOTAL_RECEIVABLE_MIN,0.0
CC_AMT_RECIVABLE_VAR,0.0
CC_AMT_RECIVABLE_SUM,0.0
CC_AMT_RECIVABLE_MEAN,0.0
CC_AMT_RECIVABLE_MAX,0.0
CC_AMT_RECIVABLE_MIN,0.0
CC_AMT_RECEIVABLE_PRINCIPAL_VAR,0.0
CC_AMT_RECEIVABLE_PRINCIPAL_MEAN,0.0
FLAG_DOCUMENT_4,0.0
FLAG_DOCUMENT_7,0.0
CC_AMT_PAYMENT_TOTAL_CURRENT_VAR,0.0
FLAG_DOCUMENT_10,0.0
FLAG_DOCUMENT_11,0.0
CC_AMT_PAYMENT_CURRENT_VAR,0.0
FLAG_DOCUMENT_12,0.0
FLAG_DOCUMENT_15,0.0
BURO_DAYS_CREDIT_VAR,0.0
PREV_PRODUCT_COMBINATION_Cash_Street__middle_MEAN,0.0
BURO_DAYS_CREDIT_ENDDATE_MIN,0.0
BURO_CREDIT_CURRENCY_currency_1_MEAN,0.0
PREV_AMT_DOWN_PAYMENT_MEAN,0.0
PREV_AMT_DOWN_PAYMENT_MAX,0.0
PREV_APP_CREDIT_PERC_VAR,0.0
PREV_APP_CREDIT_PERC_MEAN,0.0
BURO_MONTHS_BALANCE_SIZE_SUM,0.0
PREV_AMT_CREDIT_MEAN,0.0
BURO_CREDIT_ACTIVE_Active_MEAN,0.0
BURO_CREDIT_ACTIVE_Bad_debt_MEAN,0.0
BURO_CREDIT_ACTIVE_Closed_MEAN,0.0
BURO_CREDIT_ACTIVE_Sold_MEAN,0.0
PREV_AMT_ANNUITY_MEAN,0.0
BURO_CREDIT_ACTIVE_nan_MEAN,0.0
CLOSED_MONTHS_BALANCE_SIZE_SUM,0.0
PREV_AMT_GOODS_PRICE_MEAN,0.0
CLOSED_MONTHS_BALANCE_SIZE_MEAN,0.0
CLOSED_MONTHS_BALANCE_MAX_MAX,0.0
CLOSED_MONTHS_BALANCE_MIN_MIN,0.0
CLOSED_CNT_CREDIT_PROLONG_SUM,0.0
CLOSED_AMT_ANNUITY_MEAN,0.0
CLOSED_AMT_ANNUITY_MAX,0.0
CLOSED_AMT_CREDIT_SUM_LIMIT_SUM,0.0
CLOSED_AMT_CREDIT_SUM_LIMIT_MEAN,0.0
CLOSED_AMT_CREDIT_SUM_OVERDUE_MEAN,0.0
CLOSED_AMT_CREDIT_SUM_DEBT_SUM,0.0
CLOSED_AMT_CREDIT_SUM_DEBT_MEAN,0.0
CLOSED_AMT_CREDIT_SUM_DEBT_MAX,0.0
BURO_MONTHS_BALANCE_SIZE_MEAN,0.0
BURO_MONTHS_BALANCE_MAX_MAX,0.0
CLOSED_AMT_CREDIT_SUM_MEAN,0.0
PREV_NAME_CONTRACT_TYPE_nan_MEAN,0.0
PREV_NAME_CASH_LOAN_PURPOSE_Business_development_MEAN,0.0
PREV_NAME_CASH_LOAN_PURPOSE_Building_a_house_or_an_annex_MEAN,0.0
PREV_FLAG_LAST_APPL_PER_CONTRACT_nan_MEAN,0.0
PREV_FLAG_LAST_APPL_PER_CONTRACT_Y_MEAN,0.0
PREV_FLAG_LAST_APPL_PER_CONTRACT_N_MEAN,0.0
PREV_WEEKDAY_APPR_PROCESS_START_nan_MEAN,0.0
BURO_AMT_CREDIT_SUM_DEBT_MEAN,0.0
PREV_WEEKDAY_APPR_PROCESS_START_TUESDAY_MEAN,0.0
BURO_AMT_CREDIT_SUM_DEBT_SUM,0.0
PREV_WEEKDAY_APPR_PROCESS_START_SATURDAY_MEAN,0.0
BURO_AMT_CREDIT_SUM_OVERDUE_MEAN,0.0
PREV_WEEKDAY_APPR_PROCESS_START_FRIDAY_MEAN,0.0
PREV_NAME_CONTRACT_TYPE_XNA_MEAN,0.0
PREV_HOUR_APPR_PROCESS_START_MAX,0.0
PREV_NAME_CONTRACT_TYPE_Revolving_loans_MEAN,0.0
BURO_AMT_CREDIT_SUM_LIMIT_MEAN,0.0
PREV_NAME_CONTRACT_TYPE_Cash_loans_MEAN,0.0
PREV_CNT_PAYMENT_SUM,0.0
BURO_AMT_CREDIT_SUM_LIMIT_SUM,0.0
BURO_AMT_ANNUITY_MAX,0.0
BURO_AMT_ANNUITY_MEAN,0.0
BURO_CNT_CREDIT_PROLONG_SUM,0.0
PREV_RATE_DOWN_PAYMENT_MEAN,0.0
PREV_RATE_DOWN_PAYMENT_MAX,0.0
PREV_RATE_DOWN_PAYMENT_MIN,0.0
BURO_MONTHS_BALANCE_MIN_MIN,0.0
CLOSED_AMT_CREDIT_SUM_SUM,0.0
CLOSED_AMT_CREDIT_SUM_MAX,0.0
PREV_PRODUCT_COMBINATION_POS_household_without_interest_MEAN,0.0
BURO_STATUS_1_MEAN_MEAN,0.0
ACTIVE_DAYS_CREDIT_ENDDATE_MEAN,0.0
ACTIVE_DAYS_CREDIT_ENDDATE_MAX,0.0
ACTIVE_DAYS_CREDIT_ENDDATE_MIN,0.0
ACTIVE_DAYS_CREDIT_VAR,0.0
ACTIVE_DAYS_CREDIT_MEAN,0.0
ACTIVE_DAYS_CREDIT_MAX,0.0
ACTIVE_DAYS_CREDIT_MIN,0.0
BURO_STATUS_nan_MEAN_MEAN,0.0
BURO_STATUS_X_MEAN_MEAN,0.0
BURO_STATUS_C_MEAN_MEAN,0.0
BURO_STATUS_3_MEAN_MEAN,0.0
BURO_STATUS_2_MEAN_MEAN,0.0
BURO_STATUS_0_MEAN_MEAN,0.0
ACTIVE_CREDIT_DAY_OVERDUE_MAX,0.0
BURO_CREDIT_TYPE_nan_MEAN,0.0
BURO_CREDIT_TYPE_Unknown_type_of_loan_MEAN,0.0
BURO_CREDIT_TYPE_Real_estate_loan_MEAN,0.0
BURO_CREDIT_TYPE_Mortgage_MEAN,0.0
BURO_CREDIT_TYPE_Microloan_MEAN,0.0
BURO_CREDIT_TYPE_Loan_for_working_capital_replenishment_MEAN,0.0
BURO_CREDIT_TYPE_Loan_for_business_development_MEAN,0.0
BURO_CREDIT_TYPE_Credit_card_MEAN,0.0
BURO_CREDIT_TYPE_Consumer_credit_MEAN,0.0
BURO_CREDIT_TYPE_Car_loan_MEAN,0.0
BURO_CREDIT_TYPE_Another_type_of_loan_MEAN,0.0
BURO_CREDIT_CURRENCY_nan_MEAN,0.0
ACTIVE_DAYS_CREDIT_UPDATE_MEAN,0.0
ACTIVE_CREDIT_DAY_OVERDUE_MEAN,0.0
CLOSED_AMT_CREDIT_MAX_OVERDUE_MEAN,0.0
ACTIVE_MONTHS_BALANCE_MAX_MAX,0.0
CLOSED_CREDIT_DAY_OVERDUE_MEAN,0.0
CLOSED_CREDIT_DAY_OVERDUE_MAX,0.0
CLOSED_DAYS_CREDIT_UPDATE_MEAN,0.0
CLOSED_DAYS_CREDIT_ENDDATE_MEAN,0.0
CLOSED_DAYS_CREDIT_ENDDATE_MAX,0.0
CLOSED_DAYS_CREDIT_ENDDATE_MIN,0.0
CLOSED_DAYS_CREDIT_VAR,0.0
CLOSED_DAYS_CREDIT_MEAN,0.0
CLOSED_DAYS_CREDIT_MAX,0.0
CLOSED_DAYS_CREDIT_MIN,0.0
ACTIVE_MONTHS_BALANCE_SIZE_SUM,0.0
ACTIVE_MONTHS_BALANCE_SIZE_MEAN,0.0
ACTIVE_MONTHS_BALANCE_MIN_MIN,0.0
ACTIVE_AMT_CREDIT_MAX_OVERDUE_MEAN,0.0
ACTIVE_CNT_CREDIT_PROLONG_SUM,0.0
ACTIVE_AMT_ANNUITY_MEAN,0.0
ACTIVE_AMT_ANNUITY_MAX,0.0
ACTIVE_AMT_CREDIT_SUM_LIMIT_SUM,0.0
ACTIVE_AMT_CREDIT_SUM_LIMIT_MEAN,0.0
ACTIVE_AMT_CREDIT_SUM_OVERDUE_MEAN,0.0
ACTIVE_AMT_CREDIT_SUM_DEBT_SUM,0.0
ACTIVE_AMT_CREDIT_SUM_DEBT_MEAN,0.0
ACTIVE_AMT_CREDIT_SUM_DEBT_MAX,0.0
ACTIVE_AMT_CREDIT_SUM_SUM,0.0
ACTIVE_AMT_CREDIT_SUM_MEAN,0.0
ACTIVE_AMT_CREDIT_SUM_MAX,0.0
PREV_NAME_CASH_LOAN_PURPOSE_Buying_a_garage_MEAN,0.0
PREV_NAME_CASH_LOAN_PURPOSE_Buying_a_holiday_home___land_MEAN,0.0
PREV_NAME_CASH_LOAN_PURPOSE_Buying_a_home_MEAN,0.0
PREV_NAME_GOODS_CATEGORY_nan_MEAN,0.0
PREV_CHANNEL_TYPE_Car_dealer_MEAN,0.0
PREV_CHANNEL_TYPE_AP___Cash_loan__MEAN,0.0
PREV_NAME_PRODUCT_TYPE_nan_MEAN,0.0
PREV_NAME_PRODUCT_TYPE_x_sell_MEAN,0.0
PREV_NAME_PRODUCT_TYPE_walk_in_MEAN,0.0
PREV_NAME_PRODUCT_TYPE_XNA_MEAN,0.0
PREV_NAME_PORTFOLIO_nan_MEAN,0.0
BURO_DAYS_CREDIT_UPDATE_MEAN,0.0
BURO_CREDIT_DAY_OVERDUE_MAX,0.0
PREV_NAME_PORTFOLIO_Cash_MEAN,0.0
PREV_NAME_PORTFOLIO_Cars_MEAN,0.0
PREV_NAME_PORTFOLIO_Cards_MEAN,0.0
PREV_NAME_GOODS_CATEGORY_XNA_MEAN,0.0
PREV_CHANNEL_TYPE_Contact_center_MEAN,0.0
PREV_NAME_GOODS_CATEGORY_Vehicles_MEAN,0.0
PREV_NAME_GOODS_CATEGORY_Tourism_MEAN,0.0
PREV_NAME_GOODS_CATEGORY_Sport_and_Leisure_MEAN,0.0
PREV_NAME_GOODS_CATEGORY_Photo___Cinema_Equipment_MEAN,0.0
BURO_CREDIT_DAY_OVERDUE_MEAN,0.0
PREV_NAME_GOODS_CATEGORY_Office_Appliances_MEAN,0.0
PREV_NAME_GOODS_CATEGORY_Mobile_MEAN,0.0
PREV_NAME_GOODS_CATEGORY_Medicine_MEAN,0.0
PREV_NAME_GOODS_CATEGORY_Medical_Supplies_MEAN,0.0
PREV_NAME_GOODS_CATEGORY_Jewelry_MEAN,0.0
PREV_NAME_GOODS_CATEGORY_Insurance_MEAN,0.0
PREV_NAME_GOODS_CATEGORY_Homewares_MEAN,0.0
PREV_CHANNEL_TYPE_Channel_of_corporate_sales_MEAN,0.0
PREV_CHANNEL_TYPE_Country_wide_MEAN,0.0
PREV_NAME_CASH_LOAN_PURPOSE_Buying_a_new_car_MEAN,0.0
PREV_NAME_YIELD_GROUP_low_action_MEAN,0.0
BURO_DAYS_CREDIT_ENDDATE_MAX,0.0
PREV_PRODUCT_COMBINATION_Cash_X_Sell__middle_MEAN,0.0
PREV_PRODUCT_COMBINATION_Cash_X_Sell__low_MEAN,0.0
PREV_PRODUCT_COMBINATION_Cash_X_Sell__high_MEAN,0.0
BURO_CREDIT_CURRENCY_currency_4_MEAN,0.0
PREV_PRODUCT_COMBINATION_Cash_Street__low_MEAN,0.0
PREV_PRODUCT_COMBINATION_Cash_Street__high_MEAN,0.0
PREV_PRODUCT_COMBINATION_Cash_MEAN,0.0
PREV_PRODUCT_COMBINATION_Card_X_Sell_MEAN,0.0
PREV_PRODUCT_COMBINATION_Card_Street_MEAN,0.0
PREV_NAME_YIELD_GROUP_nan_MEAN,0.0
PREV_NAME_YIELD_GROUP_middle_MEAN,0.0
PREV_NAME_YIELD_GROUP_XNA_MEAN,0.0
PREV_CHANNEL_TYPE_Credit_and_cash_offices_MEAN,0.0
PREV_NAME_SELLER_INDUSTRY_nan_MEAN,0.0
PREV_NAME_SELLER_INDUSTRY_XNA_MEAN,0.0
PREV_NAME_SELLER_INDUSTRY_Tourism_MEAN,0.0
PREV_NAME_SELLER_INDUSTRY_MLM_partners_MEAN,0.0
PREV_NAME_SELLER_INDUSTRY_Jewelry_MEAN,0.0
PREV_NAME_SELLER_INDUSTRY_Industry_MEAN,0.0
PREV_NAME_SELLER_INDUSTRY_Furniture_MEAN,0.0
PREV_NAME_SELLER_INDUSTRY_Construction_MEAN,0.0
PREV_NAME_SELLER_INDUSTRY_Clothing_MEAN,0.0
PREV_NAME_SELLER_INDUSTRY_Auto_technology_MEAN,0.0
PREV_CHANNEL_TYPE_nan_MEAN,0.0
BURO_DAYS_CREDIT_ENDDATE_MEAN,0.0
PREV_NAME_GOODS_CATEGORY_Gardening_MEAN,0.0
PREV_NAME_GOODS_CATEGORY_Furniture_MEAN,0.0
PREV_NAME_GOODS_CATEGORY_Fitness_MEAN,0.0
PREV_NAME_CASH_LOAN_PURPOSE_Urgent_needs_MEAN,0.0
PREV_NAME_PAYMENT_TYPE_Non_cash_from_your_account_MEAN,0.0
PREV_NAME_PAYMENT_TYPE_Cashless_from_the_account_of_the_employer_MEAN,0.0
BURO_AMT_CREDIT_SUM_SUM,0.0
PREV_NAME_CONTRACT_STATUS_nan_MEAN,0.0
PREV_NAME_CONTRACT_STATUS_Unused_offer_MEAN,0.0
PREV_NAME_CONTRACT_STATUS_Refused_MEAN,0.0
PREV_NAME_CONTRACT_STATUS_Canceled_MEAN,0.0
BURO_AMT_CREDIT_SUM_DEBT_MAX,0.0
PREV_NAME_CASH_LOAN_PURPOSE_nan_MEAN,0.0
PREV_NAME_CASH_LOAN_PURPOSE_XNA_MEAN,0.0
PREV_NAME_CASH_LOAN_PURPOSE_XAP_MEAN,0.0
PREV_NAME_CASH_LOAN_PURPOSE_Wedding___gift___holiday_MEAN,0.0
PREV_NAME_CASH_LOAN_PURPOSE_Repairs_MEAN,0.0
PREV_NAME_GOODS_CATEGORY_Education_MEAN,0.0
PREV_NAME_CASH_LOAN_PURPOSE_Purchase_of_electronic_equipment_MEAN,0.0
PREV_NAME_CASH_LOAN_PURPOSE_Payments_on_other_loans_MEAN,0.0
PREV_NAME_CASH_LOAN_PURPOSE_Other_MEAN,0.0
PREV_NAME_CASH_LOAN_PURPOSE_Medicine_MEAN,0.0
PREV_NAME_CASH_LOAN_PURPOSE_Journey_MEAN,0.0
PREV_NAME_CASH_LOAN_PURPOSE_Hobby_MEAN,0.0
PREV_NAME_CASH_LOAN_PURPOSE_Gasification___water_supply_MEAN,0.0
PREV_NAME_CASH_LOAN_PURPOSE_Furniture_MEAN,0.0
PREV_NAME_CASH_LOAN_PURPOSE_Everyday_expenses_MEAN,0.0
PREV_NAME_CASH_LOAN_PURPOSE_Education_MEAN,0.0
PREV_NAME_CASH_LOAN_PURPOSE_Car_repairs_MEAN,0.0
PREV_NAME_CASH_LOAN_PURPOSE_Buying_a_used_car_MEAN,0.0
PREV_NAME_PAYMENT_TYPE_XNA_MEAN,0.0
PREV_NAME_PAYMENT_TYPE_nan_MEAN,0.0
PREV_CODE_REJECT_REASON_CLIENT_MEAN,0.0
BURO_AMT_CREDIT_SUM_MEAN,0.0
PREV_NAME_GOODS_CATEGORY_Direct_Sales_MEAN,0.0
BURO_AMT_CREDIT_MAX_OVERDUE_MEAN,0.0
PREV_NAME_GOODS_CATEGORY_Construction_Materials_MEAN,0.0
BURO_AMT_CREDIT_SUM_MAX,0.0
PREV_NAME_GOODS_CATEGORY_Clothing_and_Accessories_MEAN,0.0
PREV_NAME_GOODS_CATEGORY_Auto_Accessories_MEAN,0.0
PREV_NAME_GOODS_CATEGORY_Audio_Video_MEAN,0.0
PREV_NAME_CLIENT_TYPE_nan_MEAN,0.0
PREV_NAME_CLIENT_TYPE_XNA_MEAN,0.0
PREV_NAME_CLIENT_TYPE_Repeater_MEAN,0.0
PREV_NAME_CLIENT_TYPE_Refreshed_MEAN,0.0
PREV_NAME_CLIENT_TYPE_New_MEAN,0.0
PREV_NAME_TYPE_SUITE_nan_MEAN,0.0
PREV_NAME_TYPE_SUITE_Unaccompanied_MEAN,0.0
PREV_NAME_TYPE_SUITE_Other_B_MEAN,0.0
PREV_NAME_TYPE_SUITE_Other_A_MEAN,0.0
PREV_NAME_TYPE_SUITE_Group_of_people_MEAN,0.0
PREV_NAME_TYPE_SUITE_Children_MEAN,0.0
PREV_CODE_REJECT_REASON_nan_MEAN,0.0
PREV_CODE_REJECT_REASON_XNA_MEAN,0.0
PREV_CODE_REJECT_REASON_XAP_MEAN,0.0
PREV_CODE_REJECT_REASON_VERIF_MEAN,0.0
PREV_CODE_REJECT_REASON_SCOFR_MEAN,0.0
PREV_CODE_REJECT_REASON_SCO_MEAN,0.0
PREV_CODE_REJECT_REASON_LIMIT_MEAN,0.0
CC_COUNT,0.0
